Download,Upload,Ping
49.39112883636396,13.493980526097685,25.982
